id,Y
0,-0.8892268883394158
1,0.04641471005768685
2,2.57936710350841
3,-0.13451046090307905
4,-0.9592472791787766
5,0.4693066750085349
6,-0.5609769353105981
7,1.248791703356948
8,-0.45987169271487643
9,-1.3751402046340448
10,-0.1276687527575038
11,1.146929471766406
12,1.489735058849962
13,0.06991148550713698
14,-0.5178650517159472
15,-0.3338973840026986
16,-0.7060863071219878
17,-0.14145428409560298
18,-0.5178650517159472
19,0.44057311822221285
20,-0.41575491552005633
21,0.11600131427336614
22,2.639675493828664
23,0.004864083092013705
24,-0.9337623150374502
25,-0.14145428409560298
26,-0.1655262044963532
27,-0.005278195931103439
28,-0.9592472791787766
29,3.89753620622256
30,0.5030353796253343
31,-0.19481885122333437
32,-0.41575491552005633
33,0.08494055508706813
34,-1.0091544302334094
35,0.5566975391756022
36,-0.005278195931103439
37,0.06991148550713698
38,0.9510405648615168
39,0.20666271862293653
40,0.1427514894004324
41,1.146929471766406
42,0.17564697502966253
43,-0.5609769353105981
44,-0.28958917886945
45,0.727727210989943
46,1.26119800079426
47,3.0187568044131297
48,-0.018201422428301015
49,0.3433851801769615
50,-1.0969831390753155
51,-0.14145428409560298
52,0.4613182975992931
53,-0.9592472791787766
54,-0.4756836404290946
55,0.1427514894004324
56,-0.41575491552005633
57,0.42941214988372406
58,0.9510405648615168
59,0.32334099214049183
60,1.1578121888166777
61,0.04641471005768685
62,0.04641471005768685
63,-0.38148767840507697
64,0.5553224569473288
65,-0.3305870008605592
66,-0.3305870008605592
67,0.5566975391756022
68,0.727727210989943
69,-0.3305870008605592
70,-0.1276687527575038
71,0.7571921674035534
72,-0.5178650517159472
73,-1.0477518000383719
74,-0.22755769168290152
75,-0.5178650517159472
76,0.08836223213055766
77,2.57936710350841
78,-0.1276687527575038
79,-0.5178650517159472
80,0.5030353796253343
81,0.6214982891829784
82,0.1427514894004324
83,-0.9337623150374502
84,-0.005278195931103439
85,-1.0339670251080277
86,1.489735058849962
87,-0.1276687527575038
88,0.08836223213055766
89,0.5566975391756022
90,-1.53021892260042
91,0.004864083092013705
92,-0.45987169271487643
93,0.04641471005768685
94,-0.4557449481191327
95,1.0867344430820909
96,0.08836223213055766
97,-0.2569410277186349
98,0.08836223213055766
99,-0.909904050734933
100,-0.45987169271487643
101,0.11600131427336614
102,-0.38148767840507697
103,0.727727210989943
104,1.2611980007942585
105,0.727727210989943
106,0.1427514894004324
107,-0.1276687527575038
108,-0.5178650517159472
109,-0.6655375860606509
110,-0.14145428409560298
111,-1.0649827687013014
112,0.1427514894004324
113,0.2864174878627848
114,-0.28958917886944974
115,0.31595629128495034
116,0.20666271862293661
117,0.11600131427336614
118,0.727727210989943
119,0.1427514894004324
120,-1.22006148666767
121,0.04641471005768685
122,-1.7975960225424374
123,0.6214982891829784
124,1.7485882572599944
125,-0.1276687527575038
126,-1.0969831390753155
127,1.133486115410188
128,-1.0170493467844233
129,-0.19481885122333437
130,0.08836223213055766
131,0.17564697502966253
132,0.1427514894004324
133,-0.14145428409560298
134,0.11600131427336614
135,-1.84037635853316
136,0.08836223213055766
137,0.330725692996033
138,-0.5178650517159472
139,0.3824185989848238
140,0.06991148550713698
141,-0.44466789683582053
142,0.48161309426061033
143,1.248791703356948
144,-1.308677896934172
145,0.1427514894004324
146,-0.005278195931103439
147,0.4693066750085349
148,0.5553224569473288
149,-0.5758883504996726
150,-2.1505337944659
151,-0.7060863071219878
152,-0.14145428409560298
153,0.08836223213055766
154,-0.5178650517159472
155,1.4644045967501922
156,0.727727210989943
157,0.06991148550713698
158,0.11361548784311411
159,0.330725692996033
160,0.1427514894004324
161,0.6214982891829784
162,-1.1019062729790106
163,0.727727210989943
164,1.489735058849962
165,0.04641471005768685
166,-0.3305870008605592
167,-0.41575491552005633
168,0.1427514894004324
169,-0.14145428409560298
170,-0.1276687527575038
171,-0.1276687527575038
172,-0.018201422428301015
173,1.2611980007942585
174,-0.5178650517159472
175,0.1427514894004324
176,0.5566975391756022
177,0.727727210989943
178,-0.1276687527575038
179,-0.38148767840507697
180,0.727727210989943
181,0.04641471005768685
182,-1.2037374110922665
183,0.04641471005768685
184,-0.14145428409560298
185,1.305506205927507
186,-0.7060863071219878
187,0.4613182975992931
188,-1.53021892260042
189,-0.1276687527575038
190,1.0867344430820909
191,0.4613182975992931
192,0.44057311822221285
193,0.08836223213055766
194,-2.1505337944659
195,-1.0649827687013014
196,1.146929471766406
197,-1.7975960225424374
198,-0.3305870008605592
199,0.08836223213055766
200,0.484624812278627
201,-0.152319637722345
202,0.484624812278627
203,-1.2154102554620623
204,-2.44531965772585
205,0.484624812278627
206,0.484624812278627
207,-1.27698155229549
208,0.484624812278627
209,-0.9803474227236114
210,-2.445319657725849
211,0.484624812278627
212,0.484624812278627
213,0.484624812278627
214,0.484624812278627
215,-1.259389753200225
216,0.484624812278627
217,0.484624812278627
218,0.484624812278627
219,-2.624704013032246
220,-1.2154102554620627
221,0.46717427940188805
222,0.484624812278627
223,-3.70101014487062
224,0.484624812278627
225,0.46717427940188805
226,0.484624812278627
227,0.484624812278627
228,0.484624812278627
229,0.484624812278627
230,-2.484559985449124
231,-1.27698155229549
232,0.484624812278627
233,-0.1982945754667761
234,0.484624812278627
235,0.484624812278627
236,0.08425972942087331
237,0.484624812278627
238,0.484624812278627
239,0.484624812278627
240,0.484624812278627
241,0.484624812278627
242,0.484624812278627
243,0.484624812278627
244,0.484624812278627
245,0.484624812278627
246,0.484624812278627
247,0.484624812278627
248,0.484624812278627
249,-0.771065674866147
250,0.484624812278627
251,0.484624812278627
252,-0.152319637722345
253,0.484624812278627
254,0.484624812278627
255,0.484624812278627
256,0.484624812278627
257,0.06848777161132542
258,-1.2091274700708965
259,0.484624812278627
260,0.484624812278627
261,0.484624812278627
262,0.484624812278627
263,0.484624812278627
264,-0.443494243437075
265,0.484624812278627
266,-0.152319637722345
267,-0.152319637722345
268,-0.152319637722345
269,0.484624812278627
270,0.0842597294208733
271,0.484624812278627
272,0.484624812278627
273,0.484624812278627
274,0.484624812278627
275,0.484624812278627
276,0.484624812278627
277,0.484624812278627
278,0.484624812278627
279,0.484624812278627
280,0.484624812278627
281,0.484624812278627
282,0.484624812278627
283,-0.152319637722345
284,0.484624812278627
285,0.484624812278627
286,-2.8040883683386406
287,-1.2091274700708965
288,-0.771065674866147
289,0.484624812278627
290,0.484624812278627
291,0.484624812278627
292,0.484624812278627
293,0.484624812278627
294,0.484624812278627
295,0.484624812278627
296,0.06673533185470898
297,0.484624812278627
298,0.484624812278627
299,0.484624812278627
300,0.484624812278627
301,0.484624812278627
302,0.484624812278627
303,-1.805775434459564
304,0.484624812278627
305,-0.8044294317709597
306,-1.2154102554620623
307,0.484624812278627
308,0.484624812278627
309,0.484624812278627
310,-1.69918473058185
311,0.484624812278627
312,0.484624812278627
313,-1.805775434459564
314,0.484624812278627
315,0.484624812278627
316,0.484624812278627
317,-1.69918473058185
318,0.484624812278627
319,0.484624812278627
320,0.484624812278627
321,0.484624812278627
322,0.484624812278627
323,0.484624812278627
324,0.484624812278627
325,-2.44531965772585
326,0.484624812278627
327,0.484624812278627
328,-3.70101014487062
329,0.484624812278627
330,0.484624812278627
331,-0.781331446221474
332,0.484624812278627
333,0.302640683706921
334,0.484624812278627
335,0.484624812278627
336,-0.152319637722345
337,0.08425972942087331
338,-2.519183804028483
339,0.484624812278627
340,0.484624812278627
341,0.484624812278627
342,0.484624812278627
343,0.484624812278627
344,-0.443494243437075
345,0.484624812278627
346,-3.70101014487062
347,0.484624812278627
348,0.484624812278627
349,0.46717427940188805
350,-0.4583838539565781
351,0.484624812278627
352,0.484624812278627
353,0.484624812278627
354,0.484624812278627
355,0.484624812278627
356,0.484624812278627
357,0.484624812278627
358,0.484624812278627
359,0.484624812278627
360,0.484624812278627
361,0.484624812278627
362,0.484624812278627
363,0.484624812278627
364,0.484624812278627
365,0.484624812278627
366,0.302640683706921
367,0.484624812278627
368,0.484624812278627
369,0.484624812278627
370,0.484624812278627
371,0.484624812278627
372,-0.443494243437075
373,0.2808025882783162
374,0.484624812278627
375,0.484624812278627
376,0.484624812278627
377,0.484624812278627
378,-0.7996631807845579
379,0.484624812278627
380,-0.443494243437075
381,-3.70101014487062
382,0.484624812278627
383,0.484624812278627
384,0.484624812278627
385,0.484624812278627
386,0.484624812278627
387,0.484624812278627
388,-1.2154102554620623
389,-0.8044294317709597
390,0.484624812278627
391,0.484624812278627
392,-2.44531965772585
393,0.484624812278627
394,-1.2194083916200773
395,0.484624812278627
396,0.484624812278627
397,0.484624812278627
398,0.484624812278627
399,0.484624812278627
400,-0.6338868981153485
401,0.485052705354413
402,-0.752837234340062
403,0.2003783413725565
404,-0.688321797743607
405,0.989079553764216
406,-0.8819890739765895
407,-0.8819890739765895
408,-0.8468454419520387
409,0.64634129684555
410,-0.533484749912116
411,1.08988492344618
412,0.485052705354413
413,-0.482678843592408
414,-0.884932590771303
415,-0.0471996465663381
416,0.485052705354413
417,1.68100761126119
418,1.61407284579237
419,0.4089782530344273
420,-0.88590032232025
421,0.101992300562963
422,-0.905389360458762
423,-0.415139245905494
424,0.0415090787537871
425,0.64634129684555
426,-0.887513208235161
427,0.323764113863277
428,1.33181781068288
429,-0.897996966682085
430,-0.8262235434685292
431,2.450757414152645
432,-0.8262235434685292
433,-0.8468454419520387
434,-0.88590032232025
435,-0.60364528721076
436,-0.8536426040220226
437,-0.889932537107528
438,0.686663444718335
439,-0.418163406995953
440,-0.905389360458762
441,-0.1738111908868805
442,-0.8468454419520387
443,1.3987525761517
444,2.38019365537527
445,-0.7286439456163912
446,1.49310640217402
447,1.17052921919175
448,-0.8819890739765895
449,-0.533484749912116
450,-0.6338868981153485
451,0.485052705354413
452,-0.752837234340062
453,0.2003783413725565
454,-0.688321797743607
455,0.989079553764216
456,-0.8819890739765895
457,-0.8819890739765895
458,-0.8468454419520387
459,0.64634129684555
460,-0.533484749912116
461,1.08988492344618
462,0.485052705354413
463,-0.482678843592408
464,-0.884932590771303
465,-0.0471996465663381
466,0.485052705354413
467,1.68100761126119
468,1.61407284579237
469,0.4089782530344273
470,-0.88590032232025
471,0.101992300562963
472,-0.905389360458762
473,-0.415139245905494
474,0.0415090787537871
475,0.64634129684555
476,-0.887513208235161
477,0.323764113863277
478,1.33181781068288
479,-0.897996966682085
480,-0.8262235434685292
481,2.450757414152645
482,-0.8262235434685292
483,-0.8468454419520387
484,-0.88590032232025
485,-0.60364528721076
486,-0.8536426040220226
487,-0.889932537107528
488,0.686663444718335
489,-0.418163406995953
490,-0.905389360458762
491,-0.1738111908868805
492,-0.8468454419520387
493,1.3987525761517
494,2.38019365537527
495,-0.7286439456163912
496,1.49310640217402
497,1.17052921919175
498,-0.8819890739765895
499,-0.533484749912116
500,-0.6338868981153485
501,0.485052705354413
502,-0.752837234340062
503,0.2003783413725565
504,-0.688321797743607
505,0.989079553764216
506,-0.8819890739765895
507,-0.8819890739765895
508,-0.8468454419520387
509,0.64634129684555
510,-0.533484749912116
511,1.08988492344618
512,0.485052705354413
513,-0.482678843592408
514,-0.884932590771303
515,-0.0471996465663381
516,0.485052705354413
517,1.68100761126119
518,1.61407284579237
519,0.4089782530344273
520,-0.88590032232025
521,0.101992300562963
522,-0.905389360458762
523,-0.415139245905494
524,0.0415090787537871
525,0.64634129684555
526,-0.887513208235161
527,0.323764113863277
528,1.33181781068288
529,-0.897996966682085
530,-0.8262235434685292
531,2.450757414152645
532,-0.8262235434685292
533,-0.8468454419520387
534,-0.88590032232025
535,-0.60364528721076
536,-0.8536426040220226
537,-0.889932537107528
538,0.686663444718335
539,-0.418163406995953
540,-0.905389360458762
541,-0.1738111908868805
542,-0.8468454419520387
543,1.3987525761517
544,2.38019365537527
545,-0.7286439456163912
546,1.49310640217402
547,1.17052921919175
548,-0.8819890739765895
549,-0.533484749912116
550,-0.6338868981153485
551,0.485052705354413
552,-0.752837234340062
553,0.2003783413725565
554,-0.688321797743607
555,0.989079553764216
556,-0.8819890739765895
557,-0.8819890739765895
558,-0.8468454419520387
559,0.64634129684555
560,-0.533484749912116
561,1.08988492344618
562,0.485052705354413
563,-0.482678843592408
564,-0.884932590771303
565,-0.0471996465663381
566,0.485052705354413
567,1.68100761126119
568,1.61407284579237
569,0.4089782530344273
570,-0.88590032232025
571,0.101992300562963
572,-0.905389360458762
573,-0.415139245905494
574,0.0415090787537871
575,0.64634129684555
576,-0.887513208235161
577,0.323764113863277
578,1.33181781068288
579,-0.897996966682085
580,-0.8262235434685292
581,2.450757414152645
582,-0.8262235434685292
583,-0.8468454419520387
584,-0.88590032232025
585,-0.60364528721076
586,-0.8536426040220226
587,-0.889932537107528
588,0.686663444718335
589,-0.418163406995953
590,-0.905389360458762
591,-0.1738111908868805
592,-0.8468454419520387
593,1.3987525761517
594,2.38019365537527
595,-0.7286439456163912
596,1.49310640217402
597,1.17052921919175
598,-0.8819890739765895
599,-0.533484749912116
600,-0.9677502423382277
601,-0.09612507510094712
602,-0.09612507510094712
603,0.9352853382211168
604,-0.6829186387347669
605,-0.8144697278164758
606,0.8139010098108955
607,-0.5337466535340272
608,0.16606683855427382
609,-0.5082200709760282
610,-0.8464837677230485
611,-0.8144697278164758
612,-0.8746885911460395
613,-0.5483785506627351
614,-1.2626780870972083
615,-0.979160395763073
616,0.8660336879015819
617,-0.6167546054461188
618,-0.38365067898922744
619,0.4217160480693386
620,1.4108502357380839
621,-0.09612507510094712
622,0.06864464880053159
623,-1.1202705499686412
624,-0.8664987556986189
625,-0.483867012160251
626,-0.15151890109883742
627,-0.09612507510094712
628,1.0037871152098992
629,-1.1202705499686412
630,0.07455691443352586
631,-0.3440348776021773
632,0.507957773764724
633,-0.3440348776021773
634,-0.09612507510094712
635,1.1201378572871765
636,-0.17147660770481893
637,-0.4912129154941577
638,-1.046856438260232
639,0.43887469481420743
640,2.534046178781719
641,-0.9677502423382277
642,-1.1202705499686412
643,0.9352853382211168
644,-0.09612507510094712
645,1.1479578932639252
646,-0.3551928784841624
647,-0.6401868322103346
648,2.0430143663029408
649,-0.8464837677230485
650,-0.741842887706236
651,0.12780617712574333
652,0.5176340205992441
653,-0.7984563009025354
654,-0.04646565222207995
655,-1.046856438260232
656,0.34714048649420476
657,-0.8664987556986189
658,-0.15151890109883742
659,1.8621095306445283
660,-1.046856438260232
661,-0.8144697278164758
662,-0.04646565222207995
663,-1.0080915591046515
664,-0.09612507510094712
665,2.1787614245071567
666,2.5163283452009875
667,-0.3551928784841624
668,-1.1628256633390313
669,2.193726498714842
670,-1.060806511191224
671,-0.979160395763073
672,0.2973753143497232
673,-0.8144697278164758
674,0.5067227541150905
675,-0.05140012277644499
676,0.507957773764724
677,0.9352853382211168
678,0.12780617712574333
679,-0.17147660770481893
680,0.8945396838239884
681,0.12454074367953955
682,0.572982785848562
683,-0.09612507510094712
684,-0.9677502423382277
685,-0.4380073559487223
686,2.54034939603007
687,0.22883945160846222
688,-0.1520817474384304
689,-0.28053477881527744
690,-0.7886149414905584
691,2.2841810851631195
692,1.4108502357380839
693,-0.24611694901670797
694,-0.7351921823125996
695,-0.09612507510094712
696,-0.7351921823125996
697,-0.8144697278164758
698,1.1941735511285148
699,-0.09612507510094712
700,-1.1202705499686412
701,-0.17147660770481893
702,0.22883945160846222
703,-0.4912129154941577
704,-0.12814812495671768
705,-0.587849271045499
706,-1.1202705499686412
707,-0.8664987556986189
708,0.22883945160846222
709,0.952542107065067
710,-0.741842887706236
711,-0.7944758602822845
712,-1.1202705499686412
713,-0.09612507510094712
714,-0.061985459222580815
715,-0.09612507510094712
716,-1.046856438260232
717,0.423747473445782
718,1.1818394927844242
719,-0.17147660770481893
720,0.11989926699476694
721,1.991577464617024
722,2.0430143663029408
723,-0.5483785506627351
724,-1.046856438260232
725,0.5176340205992441
726,2.0318747061089426
727,0.5857018555010317
728,-0.8144697278164758
729,0.16606683855427382
730,0.572982785848562
731,-0.05140012277644499
732,-0.5483785506627351
733,-0.3551928784841624
734,-1.1130813317690607
735,1.4631125663164226
736,1.8411686331781305
737,1.4001548660819607
738,-0.9345399830984915
739,0.20221818658509652
740,-0.979160395763073
741,-0.24980502877666422
742,0.6331818133613184
743,2.019503192596625
744,-1.046856438260232
745,0.4039306848592658
746,-0.3551928784841624
747,-0.05140012277644499
748,-0.9055874100333579
749,-0.09612507510094712
750,1.683170772536578
751,0.9466363367735707
752,0.9707837012889813
753,2.4863693536015696
754,-0.24611694901670797
755,1.4291004365888933
756,0.5067227541150905
757,-0.09612507510094712
758,0.22883945160846222
759,-0.38365067898922744
760,-1.1739729386715472
761,0.6227372560755458
762,-0.011256236619978963
763,0.4039306848592658
764,-0.38365067898922744
765,-0.872533137105266
766,0.5922050514446044
767,-0.09612507510094712
768,0.9352853382211168
769,-1.046856438260232
770,2.5163283452009875
771,0.39559043465538507
772,-0.6401868322103346
773,-0.04646565222207995
774,-0.22644203375648306
775,0.2973753143497232
776,-0.8664987556986189
777,1.1201378572871765
778,-0.9055874100333579
779,-0.9469869154857198
780,2.2372659579377334
781,-0.8464837677230485
782,-1.046856438260232
783,0.34714048649420476
784,-0.8144697278164758
785,-0.6167546054461188
786,-0.09612507510094712
787,-0.12909643880209132
788,-0.43659212290824506
789,0.8422013284420696
790,-1.046856438260232
791,2.3209447002090937
792,1.1818394927844242
793,-1.0080915591046515
794,-0.09612507510094712
795,-0.7886149414905584
796,0.8178265191504231
797,-0.3551928784841624
798,-0.3440348776021773
799,2.5163283452009875
800,0.6121458560908368
801,0.0037422093308467903
802,0.2961127407196927
803,0.6806067958668254
804,0.3609909800185433
805,-1.2300650039121066
806,0.10212759309164564
807,0.5154497116022922
808,0.37709336204282684
809,-0.6452394083353736
810,0.006867007971430484
811,0.09107018087904993
812,0.2508383311590987
813,0.5154497116022922
814,-4.56305335392466
815,0.5154497116022922
816,0.48466550713184225
817,0.5154497116022922
818,-0.5250097760248394
819,-0.5417304533660398
820,0.04238502263590773
821,0.493422211543745
822,0.6121458560908368
823,0.493422211543745
824,0.21070002698796508
825,0.3609909800185433
826,-4.56305335392466
827,0.4558371001509167
828,0.3609909800185433
829,0.16689185235402082
830,0.21070002698796508
831,0.10212759309164564
832,0.5315280234722422
833,-0.09405422312367018
834,0.25653774590608275
835,0.25653774590608275
836,0.6935095852151184
837,0.6817034312816357
838,0.6121458560908368
839,0.493422211543745
840,0.04238502263590773
841,-0.11669680702321199
842,0.6121458560908368
843,0.7098931521260524
844,0.6121458560908368
845,0.6935095852151184
846,-0.23239792255383765
847,0.6121458560908368
848,0.2961127407196927
849,0.3609909800185433
850,0.2508383311590987
851,0.3609909800185433
852,0.3609909800185433
853,0.04238502263590773
854,0.7476310944041427
855,0.37709336204282684
856,0.4011607225301122
857,0.38528356981520157
858,-0.6232437554043899
859,0.15810897764790668
860,-4.56305335392466
861,0.04238502263590773
862,0.6121458560908368
863,0.7476310944041427
864,0.25653774590608275
865,0.3609909800185433
866,-1.8187721853002001
867,0.10212759309164564
868,-0.09405422312367018
869,-0.11669680702321199
870,0.6121458560908368
871,0.5609135090088282
872,0.25653774590608275
873,0.6007195472954933
874,0.49414143145206857
875,0.340285276382266
876,-0.5036909124148095
877,0.5154497116022922
878,0.3609909800185433
879,-4.56305335392466
880,0.5154497116022922
881,0.5154497116022922
882,0.3609909800185433
883,-0.11669680702321199
884,0.6806067958668254
885,-0.09405422312367018
886,0.10212759309164564
887,-0.5417304533660398
888,-0.7871468465997827
889,-0.3197563766288367
890,0.25653774590608275
891,0.21070002698796508
892,0.6121458560908368
893,-0.3273806591170438
894,-0.18943666167974393
895,0.4011607225301122
896,-4.56305335392466
897,0.3609909800185433
898,0.37709336204282684
899,0.43824057780613
900,0.7753529006220451
901,0.37709336204282684
902,-0.09405422312367018
903,-0.37326962915344863
904,0.4011607225301122
905,0.3609909800185433
906,0.25632358944752537
907,-0.18462455872183747
908,0.3609909800185433
909,-0.18943666167974393
910,0.0037422093308467903
911,0.2467081523148478
912,0.3609909800185433
913,0.5912752287297429
914,0.5912752287297429
915,0.34428369922472696
916,-4.56305335392466
917,0.7753529006220451
918,0.10212759309164564
919,0.7335769529928342
920,-0.18943666167974393
921,0.034296881038304014
922,0.3609909800185433
923,0.2508383311590987
924,0.5154497116022922
925,-0.10020006732497436
926,-0.18943666167974393
927,-0.134163943174287
928,0.37709336204282684
929,-0.899639434729831
930,0.6121458560908368
931,0.48466550713184225
932,0.5154497116022922
933,0.7753529006220451
934,0.3609909800185433
935,0.34428369922472696
936,0.6121458560908368
937,0.20870947016163172
938,0.0037422093308467903
939,0.13507696355844648
940,0.2961127407196927
941,0.493422211543745
942,0.7753529006220451
943,0.6121458560908368
944,-0.161335043853737
945,0.6121458560908368
946,0.25490309421443574
947,-0.18943666167974393
948,0.022317797235101106
949,0.4558371001509167
950,0.34428369922472696
951,0.49414143145206857
952,0.6121458560908368
953,-0.09405422312367018
954,0.0037422093308467903
955,0.5609135090088282
956,0.10212759309164564
957,-0.09405422312367018
958,0.6935095852151184
959,0.25653774590608275
960,0.6121458560908368
961,0.21070002698796508
962,-0.448094660255319
963,-0.18462455872183747
964,-0.23896676008073772
965,-4.56305335392466
966,-0.09405422312367018
967,0.43824057780613
968,0.6121458560908368
969,0.25653774590608275
970,0.493422211543745
971,0.7335769529928342
972,0.2508383311590987
973,0.09107018087904993
974,0.20612174628739838
975,0.6121458560908368
976,0.25653774590608275
977,0.4011607225301122
978,0.3609909800185433
979,0.04238502263590773
980,-0.18943666167974393
981,0.4011607225301122
982,-4.56305335392466
983,-0.09405422312367018
984,0.04238502263590773
985,0.07181052971831912
986,0.6121458560908368
987,-0.18943666167974393
988,0.13507696355844648
989,0.04238502263590773
990,0.1295555634203764
991,0.4011607225301122
992,0.7476310944041427
993,-0.11669680702321199
994,0.5154497116022922
995,0.3609909800185433
996,0.49414143145206857
997,-0.5221672608768356
998,0.3609909800185433
999,0.49414143145206857
1000,0.07816405520932825
1001,0.07027755427613191
1002,0.13570416621256698
1003,-0.007180832112813966
1004,-0.8364166461591771
1005,0.801044322265697
1006,0.6959606077378263
1007,0.7753750502944255
1008,-0.7777242696665391
1009,0.6959606077378263
1010,0.1926706471036316
1011,-0.5979357935187133
1012,0.7753750502944255
1013,-1.0363146843504636
1014,-0.427275915181909
1015,-0.05454981932904174
1016,-0.27940495469054955
1017,0.342519343692418
1018,-0.267450628916811
1019,0.6959606077378263
1020,0.22777289683541144
1021,0.22777289683541144
1022,-0.27940495469054955
1023,-0.007180832112813966
1024,-0.4871355729591
1025,0.417942392772362
1026,2.04792087404526
1027,1.81267235912124
1028,0.801044322265697
1029,-1.0873283883185134
1030,-0.8911882458523762
1031,1.728869007835538
1032,0.8456396775202171
1033,-0.3852031100414674
1034,0.7402867311406399
1035,0.8897562752318346
1036,-1.33013058205559
1037,-0.007180832112813966
1038,0.33234308215098
1039,1.3560629734003524
1040,0.6959606077378263
1041,-1.39819956432794
1042,0.526288493068392
1043,-0.942068972065747
1044,1.47835626022512
1045,1.292940962777816
1046,-0.27940495469054955
1047,0.295828631047236
1048,0.7753750502944255
1049,0.1926706471036316
1050,-0.975590380420974
1051,0.804037245294898
1052,0.6959606077378263
1053,-1.8549287531679
1054,0.6959606077378263
1055,0.7753750502944255
1056,0.6959606077378263
1057,-0.18195109436833334
1058,0.621465348934125
1059,0.22777289683541144
1060,0.170123439504623
1061,0.1926706471036316
1062,-0.5018011591846825
1063,-1.5484473053486865
1064,1.18115302943154
1065,-0.11161595457837392
1066,0.6959606077378263
1067,-1.38473114132807
1068,-0.8364166461591771
1069,-0.536819088914168
1070,0.16713054640525
1071,-0.7163980522691292
1072,0.086918545124157
1073,-1.3910479136282248
1074,0.66037409655947
1075,-0.007180832112813966
1076,-0.18125276162409468
1077,-0.7777242696665391
1078,0.6959606077378263
1079,-0.363226081360315
1080,-0.0304063242594787
1081,-1.06897150641305
1082,0.7753750502944255
1083,0.621465348934125
1084,0.395195662957372
1085,-0.5018011591846825
1086,0.383223910980908
1087,-1.39819956432794
1088,-0.029636708639437393
1089,-1.2017743730219312
1090,0.7753750502944255
1091,-1.3910479136282248
1092,1.3560629734003524
1093,-1.09411244296015
1094,-1.57837713423728
1095,0.497555857335341
1096,-0.029636708639437393
1097,1.728869007835538
1098,-1.5484473053486865
1099,1.56245898961259
1100,-0.27940495469054955
1101,-1.2017743730219312
1102,-0.9630198223579349
1103,0.07027755427613191
1104,1.029229289824622
1105,0.3808294947399905
1106,-1.8258540622475525
1107,0.7402867311406399
1108,-1.10608443437525
1109,0.8456396775202171
1110,1.292940962777816
1111,0.086918545124157
1112,-0.27940495469054955
1113,-0.38178255816848494
1114,-0.894779782562109
1115,-0.869638726295689
1116,-0.7163980522691292
1117,-0.8911882458523762
1118,-1.61549012205914
1119,-0.05454981932904174
1120,0.07816405520932825
1121,0.66037409655947
1122,0.22777289683541144
1123,-1.5484473053486865
1124,-1.3316555780989634
1125,-1.5969336281482098
1126,2.00422356330654
1127,-1.0363146843504636
1128,0.497555857335341
1129,2.2494484883278933
1130,0.6959606077378263
1131,0.497555857335341
1132,-0.7777242696665391
1133,0.7753750502944255
1134,-0.7777242696665391
1135,0.621465348934125
1136,0.14797540802882247
1137,0.6508962924698916
1138,1.292940962777816
1139,-0.0304063242594787
1140,0.07027755427613191
1141,-1.0363146843504636
1142,-1.37545289437261
1143,0.22777289683541144
1144,-0.27940495469054955
1145,-0.27940495469054955
1146,0.14797540802882247
1147,0.8456396775202171
1148,-0.994745411050017
1149,-0.8911882458523762
1150,-0.27940495469054955
1151,0.07027755427613191
1152,-0.7777242696665391
1153,-0.007180832112813966
1154,-0.46507301337836376
1155,-0.007180832112813966
1156,0.7753750502944255
1157,-0.5979357935187133
1158,0.8897562752318346
1159,-0.029636708639437393
1160,0.7753750502944255
1161,-0.3852031100414674
1162,0.342519343692418
1163,-0.7777242696665391
1164,0.486182402638359
1165,1.0422786473323222
1166,1.47835626022512
1167,0.06630967733254013
1168,1.3560629734003524
1169,-0.981576346198693
1170,0.22777289683541144
1171,-0.144738210754255
1172,-0.007180832112813966
1173,0.6959606077378263
1174,1.292940962777816
1175,-0.18125276162409468
1176,0.14797540802882247
1177,-0.8708359942758048
1178,-1.2493485486553264
1179,-0.144738210754255
1180,-1.61549012205914
1181,-0.144738210754255
1182,-0.3852031100414674
1183,0.1926706471036316
1184,-1.8258540622475525
1185,-1.0695699832715
1186,0.0611788922799651
1187,0.22777289683541144
1188,-0.942068972065747
1189,-0.3207257243385105
1190,-1.5969336281482098
1191,-0.7777242696665391
1192,-1.3910479136282248
1193,-0.66521808477607
1194,2.04792087404526
1195,0.22777289683541144
1196,2.12394287886092
1197,-0.144738210754255
1198,-1.33013058205559
1199,0.621465348934125
1200,-0.8431906994480474
1201,0.7887643760204501
1202,-0.3106117230127363
1203,-0.8652661701285913
1204,-0.5757769489931605
1205,1.21984499541788
1206,-0.8111325651395623
1207,-0.8107725042098988
1208,2.6169020441882003
1209,-0.830169843627482
1210,0.309366424634549
1211,-0.8635742796903896
1212,-0.6631588477054173
1213,0.9133915641704585
1214,-0.17538567576771652
1215,0.821405376645945
1216,-0.02650533429917915
1217,0.438589559706995
1218,1.1269468708094
1219,-0.508389459554089
1220,0.4322817460813845
1221,-0.623912489863125
1222,-0.8107725042098988
1223,0.01687208995942078
1224,0.229752944709435
1225,-0.6189968377662031
1226,0.821405376645945
1227,-0.08850933397017365
1228,1.89935575685063
1229,0.438589559706995
1230,-0.797424969820712
1231,-0.4297068083502514
1232,0.5314525552723858
1233,-0.6117333095480197
1234,-0.7400627638431074
1235,-0.24118514619363118
1236,1.26372693275893
1237,1.7641566491474137
1238,-0.9075102935411702
1239,-0.7765439708206371
1240,3.62450908850096
1241,0.2172479750096225
1242,2.114297273492638
1243,-0.676068117823902
1244,1.49520462408885
1245,0.19424805240085
1246,-0.8652661701285913
1247,0.229752944709435
1248,-0.3106117230127363
1249,-0.5439887564951635
1250,-0.9103817081549584
1251,-0.6542480900758529
1252,-0.743783382072945
1253,-0.589748481171704
1254,1.233701634551935
1255,-0.6620451339866185
1256,-0.8203331636120385
1257,-0.8431906994480474
1258,-0.896608502989008
1259,-0.6973584575251403
1260,-0.44243027326793977
1261,-0.8203331636120385
1262,0.5829507828119606
1263,-0.350616757426342
1264,-0.347829766288013
1265,-0.743783382072945
1266,-0.6189968377662031
1267,-0.743783382072945
1268,2.509324395824515
1269,-0.743783382072945
1270,-0.747429487127056
1271,1.28883396123949
1272,-0.8111325651395623
1273,1.375780286742895
1274,-0.6272812266344787
1275,0.65048559446286
1276,3.39352237469785
1277,-0.7106619831889605
1278,3.11304483184612
1279,3.39352237469785
1280,-0.3106117230127363
1281,-0.743783382072945
1282,-0.46382763640691
1283,-0.555206787581047
1284,-0.8635742796903896
1285,2.016206118224185
1286,-0.19077065800546575
1287,1.38448930496917
1288,1.7641566491474137
1289,-0.479607857408583
1290,1.49520462408885
1291,-0.8111325651395623
1292,2.157502592284595
1293,0.436924887361149
1294,-0.5863194123229005
1295,0.1823447175094725
1296,-0.676068117823902
1297,0.25310038490332937
1298,-0.6272812266344787
1299,0.34840821119505067
1300,1.28883396123949
1301,-0.8921279975055262
1302,1.89935575685063
1303,0.5314525552723858
1304,-0.8921279975055262
1305,-0.8111325651395623
1306,2.45408687895719
1307,-0.29224278873146375
1308,1.7641566491474137
1309,-0.46382763640691
1310,1.563545978998665
1311,-0.546662422360856
1312,0.6782662556244734
1313,-0.3167036719551185
1314,-0.448160707763029
1315,-0.8226285713745589
1316,-0.179168190160368
1317,0.1842143702916905
1318,0.5125346033506926
1319,-0.44243027326793977
1320,-0.846762169021809
1321,-0.7826770085479893
1322,0.4035810459275855
1323,-0.9349664001643616
1324,-0.7765439708206371
1325,1.861703316307805
1326,0.34840821119505067
1327,-0.2829093127588855
1328,-0.8111325651395623
1329,-0.6973584575251403
1330,1.010802767964961
1331,-0.18273482363719684
1332,-0.743783382072945
1333,0.65048559446286
1334,2.55953041616752
1335,-0.676068117823902
1336,-0.9075102935411702
1337,2.55953041616752
1338,-0.7826770085479893
1339,-0.2982659224000225
1340,-0.8111325651395623
1341,-0.8431906994480474
1342,0.19424805240085
1343,0.34840821119505067
1344,-0.8652661701285913
1345,-0.8203331636120385
1346,0.34840821119505067
1347,-0.8111325651395623
1348,-0.8635742796903896
1349,-0.8432893845332563
1350,1.7840459068213401
1351,-0.11738000584529901
1352,-0.2444906669584485
1353,2.762968388697255
1354,-0.394452851402586
1355,0.117702159702161
1356,-0.8500927762907355
1357,-0.6272812266344787
1358,0.5314525552723858
1359,-0.1152270563389125
1360,-0.779283140417495
1361,-0.29224278873146375
1362,-0.5439887564951635
1363,-0.43791122675536653
1364,-0.48652537456621203
1365,-0.743783382072945
1366,-0.555206787581047
1367,-0.1333140112092765
1368,-0.8652661701285913
1369,-0.7986924604555066
1370,-0.7400627638431074
1371,-0.050800280702886946
1372,-0.6189968377662031
1373,-0.6272812266344787
1374,-0.623912489863125
1375,-0.6272812266344787
1376,1.035268219094655
1377,-0.8652661701285913
1378,0.347132157535164
1379,0.01311388048205465
1380,-0.8652661701285913
1381,-0.523101324033316
1382,-0.604929800646067
1383,0.0030408557979454353
1384,0.047113302266875295
1385,-0.743783382072945
1386,-0.8226285713745589
1387,-0.8500927762907355
1388,3.11304483184612
1389,2.718155609819725
1390,-0.3167036719551185
1391,0.117702159702161
1392,-0.5757769489931605
1393,-0.259895887239537
1394,-0.503797563450866
1395,-0.8652661701285913
1396,0.05536091749438165
1397,-0.6272812266344787
1398,-0.19077065800546575
1399,-0.350616757426342
1400,-0.201824316752801
1401,-0.16274043209707756
1402,-0.14220159215858677
1403,-0.19259499547251793
1404,0.53180854076076
1405,1.15626049121395
1406,-0.14220159215858677
1407,-0.16274043209707756
1408,-0.14220159215858677
1409,-0.16274043209707756
1410,-0.14220159215858677
1411,-0.18099539042913845
1412,-0.18914561447300582
1413,-0.18914561447300582
1414,-0.08638781298832696
1415,-0.15535566594926536
1416,-0.14220159215858677
1417,-0.18914561447300582
1418,-0.08638781298832696
1419,-0.16274043209707756
1420,-0.18914561447300582
1421,-0.18099539042913845
1422,-0.16274043209707756
1423,-0.0943714528257611
1424,-0.18914561447300582
1425,-0.08638781298832696
1426,-0.201824316752801
1427,-0.14220159215858677
1428,-0.189885109649796
1429,-0.08638781298832696
1430,-0.14220159215858677
1431,-0.14220159215858677
1432,-0.164907031631669
1433,-0.19259499547251793
1434,-0.15535566594926536
1435,-0.14220159215858677
1436,-0.0492852365288891
1437,-0.18099539042913845
1438,-0.20182431675280102
1439,-0.0649947195591581
1440,-0.15535566594926536
1441,-0.14220159215858677
1442,-0.06556026094824799
1443,-0.14220159215858677
1444,-0.14220159215858677
1445,-0.201824316752801
1446,-0.08638781298832696
1447,-0.04403128720432142
1448,-0.16274043209707756
1449,-0.16274043209707756
1450,1.1883078365957
1451,-0.08638781298832696
1452,-0.10833045060408565
1453,16.9347081519858
1454,-0.08638781298832696
1455,-0.201824316752801
1456,-0.16274043209707756
1457,-0.18914561447300582
1458,-0.0761484525106491
1459,-0.19894424486391835
1460,-0.16274043209707756
1461,-0.08638781298832696
1462,-0.16274043209707756
1463,-0.18914561447300582
1464,-0.14220159215858677
1465,0.241026009870482
1466,-0.110709315177241
1467,-0.15535566594926536
1468,1.15626049121395
1469,0.04360269241722998
1470,0.04360269241722998
1471,-0.16274043209707756
1472,-0.18099539042913845
1473,-0.143542134710503
1474,-0.10833045060408565
1475,-0.15535566594926536
1476,-0.08638781298832696
1477,-0.15535566594926536
1478,-0.10732304883516065
1479,-0.08638781298832696
1480,0.377070132912611
1481,-0.16274043209707756
1482,-0.16274043209707756
1483,-0.18914561447300582
1484,-0.14220159215858677
1485,0.577208946718238
1486,-0.18914561447300582
1487,-0.19259499547251793
1488,-0.14220159215858677
1489,-0.20046282822351102
1490,0.53180854076076
1491,-0.171190824843776
1492,-0.14220159215858677
1493,-0.110709315177241
1494,-0.16274043209707756
1495,-0.201824316752801
1496,-0.19894424486391835
1497,-0.16274043209707756
1498,-0.143542134710503
1499,-0.158780333249864
1500,-0.201824316752801
1501,-0.16274043209707756
1502,-0.14220159215858677
1503,-0.19259499547251793
1504,0.53180854076076
1505,1.15626049121395
1506,-0.14220159215858677
1507,-0.16274043209707756
1508,-0.14220159215858677
1509,-0.16274043209707756
1510,-0.14220159215858677
1511,-0.18099539042913845
1512,-0.18914561447300582
1513,-0.18914561447300582
1514,-0.08638781298832696
1515,-0.15535566594926536
1516,-0.14220159215858677
1517,-0.18914561447300582
1518,-0.08638781298832696
1519,-0.16274043209707756
1520,-0.18914561447300582
1521,-0.18099539042913845
1522,-0.16274043209707756
1523,-0.0943714528257611
1524,-0.18914561447300582
1525,-0.08638781298832696
1526,-0.201824316752801
1527,-0.14220159215858677
1528,-0.189885109649796
1529,-0.08638781298832696
1530,-0.14220159215858677
1531,-0.14220159215858677
1532,-0.164907031631669
1533,-0.19259499547251793
1534,-0.15535566594926536
1535,-0.14220159215858677
1536,-0.0492852365288891
1537,-0.18099539042913845
1538,-0.20182431675280102
1539,-0.0649947195591581
1540,-0.15535566594926536
1541,-0.14220159215858677
1542,-0.06556026094824799
1543,-0.14220159215858677
1544,-0.14220159215858677
1545,-0.201824316752801
1546,-0.08638781298832696
1547,-0.04403128720432142
1548,-0.16274043209707756
1549,-0.16274043209707756
1550,1.1883078365957
1551,-0.08638781298832696
1552,-0.10833045060408565
1553,16.9347081519858
1554,-0.08638781298832696
1555,-0.201824316752801
1556,-0.16274043209707756
1557,-0.18914561447300582
1558,-0.0761484525106491
1559,-0.19894424486391835
1560,-0.16274043209707756
1561,-0.08638781298832696
1562,-0.16274043209707756
1563,-0.18914561447300582
1564,-0.14220159215858677
1565,0.241026009870482
1566,-0.110709315177241
1567,-0.15535566594926536
1568,1.15626049121395
1569,0.04360269241722998
1570,0.04360269241722998
1571,-0.16274043209707756
1572,-0.18099539042913845
1573,-0.143542134710503
1574,-0.10833045060408565
1575,-0.15535566594926536
1576,-0.08638781298832696
1577,-0.15535566594926536
1578,-0.10732304883516065
1579,-0.08638781298832696
1580,0.377070132912611
1581,-0.16274043209707756
1582,-0.16274043209707756
1583,-0.18914561447300582
1584,-0.14220159215858677
1585,0.577208946718238
1586,-0.18914561447300582
1587,-0.19259499547251793
1588,-0.14220159215858677
1589,-0.20046282822351102
1590,0.53180854076076
1591,-0.171190824843776
1592,-0.14220159215858677
1593,-0.110709315177241
1594,-0.16274043209707756
1595,-0.201824316752801
1596,-0.19894424486391835
1597,-0.16274043209707756
1598,-0.143542134710503
1599,-0.158780333249864
1600,-0.552350249995482
1601,-0.48307488240241475
1602,-0.3250889601685041
1603,-0.552350249995482
1604,-0.3796830428124507
1605,-0.3863090349985281
1606,-0.48307488240241475
1607,0.599422348497434
1608,-0.20621528677957235
1609,-0.3556452427730213
1610,-0.552350249995482
1611,-0.0813951069798996
1612,-0.4599458150875291
1613,0.03897274579622458
1614,-0.48307488240241475
1615,0.7329371942869788
1616,0.4073456560748059
1617,0.03897274579622458
1618,-0.6189847910759461
1619,-0.07107059156204845
1620,-0.6189847910759461
1621,2.4713027582319147
1622,-0.40269984455334346
1623,1.2278320546109338
1624,0.38800131485654465
1625,2.103327572715593
1626,-0.5664195699730895
1627,0.03982263397979235
1628,-0.5664195699730895
1629,0.04561654430129996
1630,-0.40269984455334346
1631,-0.48307488240241475
1632,-0.3796830428124507
1633,-0.476080487417914
1634,-0.4990010343101265
1635,-0.5664195699730895
1636,-0.2855019751951175
1637,1.2175551524725792
1638,-0.5664195699730895
1639,-0.36450335243655835
1640,1.5181734240756217
1641,-0.6189847910759461
1642,-0.3796830428124507
1643,-0.552350249995482
1644,2.103327572715593
1645,1.828153269274255
1646,-0.6189847910759461
1647,1.9694340430720523
1648,-0.6189847910759461
1649,0.2329928175157608
1650,-0.48307488240241475
1651,-0.4599458150875291
1652,0.6845896768659828
1653,-0.3863090349985281
1654,0.25790667770289016
1655,-0.48307488240241475
1656,0.25790667770289016
1657,-0.5382606401923903
1658,-0.40269984455334346
1659,-0.48307488240241475
1660,0.3897465108577574
1661,-0.17968333568460623
1662,-0.5664195699730895
1663,-0.571822693613293
1664,-0.5596674481971596
1665,-0.12826384419392448
1666,-0.40269984455334346
1667,0.04561654430129996
1668,3.0453250574259787
1669,-0.07107059156204845
1670,-0.48307488240241475
1671,-0.3796830428124507
1672,-0.5664195699730895
1673,-0.3890093720781927
1674,0.3880089608412157
1675,-0.3863090349985281
1676,-0.48307488240241475
1677,0.03897274579622458
1678,-0.07107059156204845
1679,0.3880089608412157
1680,0.0934675927194869
1681,-0.552350249995482
1682,-0.48307488240241475
1683,0.35072975807210405
1684,-0.6189847910759461
1685,-0.5382606401923903
1686,-0.5382606401923903
1687,-0.3250889601685041
1688,0.2329928175157608
1689,0.13970834481261432
1690,-0.48307488240241475
1691,-0.48307488240241475
1692,-0.6189847910759461
1693,2.094966710035809
1694,3.375545577896405
1695,-0.3863090349985281
1696,2.029873302214332
1697,-0.07107059156204845
1698,-0.40269984455334346
1699,0.2197295764952081
1700,-0.12826384419392448
1701,-0.27702865908980917
1702,-0.45152620739771554
1703,-0.27702865908980917
1704,-0.476080487417914
1705,-0.40269984455334346
1706,-0.3250889601685041
1707,0.1595078665866789
1708,-0.48307488240241475
1709,2.380705007988238
1710,-0.48307488240241475
1711,-0.48307488240241475
1712,-0.3890093720781927
1713,0.042299216956001716
1714,5.393770134238605
1715,0.04561654430129996
1716,-0.3863090349985281
1717,-0.2004934690988613
1718,0.2935782639026321
1719,-0.45152620739771554
1720,-0.5664195699730895
1721,0.47103780066983936
1722,-0.20621528677957235
1723,-0.48307488240241475
1724,-0.14816421827663795
1725,-0.3250889601685041
1726,0.03897274579622458
1727,-0.27702865908980917
1728,-0.571822693613293
1729,-0.07107059156204845
1730,1.9694340430720523
1731,-0.295370269020151
1732,-0.36450335243655835
1733,0.17319112542350515
1734,0.04561654430129996
1735,0.6881750270651313
1736,0.5560977364608409
1737,0.3880089608412157
1738,-0.0600725018403586
1739,-0.5664195699730895
1740,-0.48307488240241475
1741,-0.07107059156204845
1742,-0.3250889601685041
1743,-0.06799684814104592
1744,0.5560977364608409
1745,-0.571822693613293
1746,-0.3250889601685041
1747,2.5608754686556
1748,0.998980260930755
1749,0.35072975807210405
1750,0.6845896768659828
1751,1.171508763469129
1752,-0.07107059156204845
1753,0.5134274594444401
1754,0.7020088316770273
1755,-0.36450335243655835
1756,-0.4990010343101265
1757,0.5134274594444401
1758,0.5560977364608409
1759,-0.12826384419392448
1760,-0.3890093720781927
1761,0.998980260930755
1762,-0.552350249995482
1763,-0.6189847910759461
1764,-0.48307488240241475
1765,-0.4621400577152147
1766,-0.36450335243655835
1767,0.5429663091810953
1768,-0.2855019751951175
1769,-0.552350249995482
1770,0.0934675927194869
1771,0.5134274594444401
1772,-0.947599287517331
1773,0.03897274579622458
1774,-0.6189847910759461
1775,0.17178322627346584
1776,-0.3863090349985281
1777,-0.2004934690988613
1778,1.7816875070298177
1779,-0.2004934690988613
1780,-0.6189847910759461
1781,-0.3890093720781927
1782,0.6116471310890619
1783,-0.5664195699730895
1784,-0.476080487417914
1785,-0.3571763512034385
1786,-0.5664195699730895
1787,0.08306421899424929
1788,-0.21484131017126848
1789,-0.3556452427730213
1790,-0.21043079040048157
1791,0.042299216956001716
1792,-0.3250889601685041
1793,0.3880089608412157
1794,0.03897274579622458
1795,-0.3250889601685041
1796,-0.45152620739771554
1797,0.4464660321591392
1798,-0.2004934690988613
1799,0.057943271560378574
1800,-0.6743696653486939
1801,1.4499400874817578
1802,-0.69377173517415
1803,-0.16054716524426524
1804,-0.6860132336312369
1805,1.672337198457118
1806,1.014711482723704
1807,-0.6937717351741503
1808,1.672337198457118
1809,0.3955532289318452
1810,-0.69377173517415
1811,-0.6937717351741503
1812,0.5875332721109213
1813,-0.6937717351741503
1814,1.014711482723704
1815,-0.69377173517415
1816,0.453131834177448
1817,1.672337198457118
1818,1.672337198457118
1819,1.672337198457118
1820,-0.69377173517415
1821,1.672337198457118
1822,-0.69377173517415
1823,-0.6743696653486939
1824,-0.69377173517415
1825,0.6915307923499131
1826,-0.6937717351741503
1827,-0.6844346640532414
1828,-0.6937717351741503
1829,-0.6937717351741501
1830,-0.6937717351741503
1831,-0.69377173517415
1832,-0.69377173517415
1833,-0.6844346640532414
1834,-0.69377173517415
1835,-0.6937717351741503
1836,-0.6501987366099102
1837,1.3020144613584064
1838,-0.5497558150369443
1839,1.672337198457118
1840,-0.69377173517415
1841,0.3955532289318452
1842,-0.69377173517415
1843,-0.69377173517415
1844,-0.69377173517415
1845,1.672337198457118
1846,-0.6743696653486939
1847,-0.6937717351741503
1848,-0.6081819165658218
1849,-0.6937717351741503
1850,1.672337198457118
1851,1.000906673270748
1852,-0.6743696653486939
1853,-0.69377173517415
1854,1.4499400874817578
1855,-0.6743696653486939
1856,1.672337198457118
1857,-0.69377173517415
1858,-0.69377173517415
1859,-0.5497558150369443
1860,-0.6937717351741503
1861,-0.6937717351741503
1862,-0.69377173517415
1863,-0.69377173517415
1864,1.672337198457118
1865,-0.6937717351741503
1866,1.4729742295125585
1867,-0.6937717351741503
1868,1.672337198457118
1869,-0.69377173517415
1870,1.4499400874817578
1871,1.672337198457118
1872,0.3586109040621639
1873,-0.69377173517415
1874,-0.6860132336312369
1875,-0.69377173517415
1876,-0.69377173517415
1877,1.4729742295125585
1878,1.672337198457118
1879,-0.69377173517415
1880,-0.5497558150369443
1881,-0.6937717351741503
1882,-0.69377173517415
1883,1.5929029186450183
1884,-0.69377173517415
1885,-0.69377173517415
1886,-0.69377173517415
1887,1.672337198457118
1888,-0.69377173517415
1889,-0.69377173517415
1890,0.6915307923499131
1891,-0.69377173517415
1892,-0.6743696653486939
1893,1.672337198457118
1894,-0.5497558150369443
1895,1.672337198457118
1896,-0.6937717351741503
1897,1.672337198457118
1898,-0.69377173517415
1899,1.672337198457118
1900,0.548865631287504
1901,-0.6743696653486939
1902,1.1777922983946258
1903,-0.6937717351741503
1904,-0.69377173517415
1905,1.672337198457118
1906,1.672337198457118
1907,-0.69377173517415
1908,-0.69377173517415
1909,-0.69377173517415
1910,0.0251827411358068
1911,1.672337198457118
1912,-0.69377173517415
1913,-0.6937717351741503
1914,-0.69377173517415
1915,-0.6937717351741503
1916,-0.6743696653486939
1917,-0.16054716524426524
1918,1.672337198457118
1919,1.672337198457118
1920,-0.6743696653486939
1921,-0.6937717351741499
1922,0.9716850988367932
1923,-0.69377173517415
1924,1.672337198457118
1925,0.6404074671323869
1926,1.672337198457118
1927,1.672337198457118
1928,-0.69377173517415
1929,-0.6860132336312369
1930,-0.69377173517415
1931,1.672337198457118
1932,-0.69377173517415
1933,-0.69377173517415
1934,-0.69377173517415
1935,-0.69377173517415
1936,-0.69377173517415
1937,-0.6937717351741503
1938,-0.69377173517415
1939,-0.69377173517415
1940,1.672337198457118
1941,-0.6937717351741503
1942,0.6404074671323869
1943,1.672337198457118
1944,0.22222952353186917
1945,1.4499400874817578
1946,-0.6937717351741503
1947,-0.69377173517415
1948,-0.69377173517415
1949,-0.69377173517415
1950,-0.69377173517415
1951,-0.6937717351741503
1952,-0.6937717351741503
1953,-0.6937717351741499
1954,1.672337198457118
1955,-0.69377173517415
1956,-0.6743696653486939
1957,-0.5497558150369443
1958,1.4499400874817578
1959,-0.69377173517415
1960,0.0251827411358068
1961,1.672337198457118
1962,-0.6937717351741501
1963,-0.69377173517415
1964,1.672337198457118
1965,-0.69377173517415
1966,-0.6937717351741503
1967,1.672337198457118
1968,1.672337198457118
1969,-0.69377173517415
1970,-0.69377173517415
1971,-0.69377173517415
1972,-0.6937717351741501
1973,1.672337198457118
1974,-0.69377173517415
1975,-0.6618182028937076
1976,1.672337198457118
1977,1.672337198457118
1978,-0.6937717351741503
1979,-0.5497558150369443
1980,-0.6190751662068819
1981,1.672337198457118
1982,1.672337198457118
1983,1.46309169375572
1984,1.4499400874817578
1985,1.672337198457118
1986,-0.69377173517415
1987,-0.69377173517415
1988,0.05941866857913812
1989,-0.69377173517415
1990,-0.69377173517415
1991,1.672337198457118
1992,-0.6937717351741503
1993,-0.6937717351741503
1994,0.6404074671323869
1995,1.672337198457118
1996,1.672337198457118
1997,-0.69377173517415
1998,0.6915307923499131
1999,1.672337198457118
2000,2.30847984706992
2001,-0.3496588204420135
2002,2.30847984706992
2003,0.4381611960037174
2004,-0.20410474862369687
2005,-0.5162382803497682
2006,-0.7282597264646812
2007,0.06272229736190417
2008,0.22638378565717143
2009,0.5686700578544691
2010,1.7902406239907949
2011,-1.4594601838175618
2012,-0.8079271723183072
2013,0.7472240263489901
2014,0.40287781263102634
2015,0.08642156934253213
2016,1.4591265970150946
2017,1.6861505416250742
2018,1.5400977207993518
2019,0.3206015790441684
2020,-0.34235226954738
2021,2.30847984706992
2022,-1.384450801839695
2023,-1.00762044035651
2024,0.3027215239066655
2025,-1.00762044035651
2026,0.8863290918335368
2027,-0.05233846946350304
2028,1.051248854920869
2029,-0.2526440484571497
2030,-1.384450801839695
2031,0.3140310898401114
2032,-0.8079271723183072
2033,-0.1665038545421311
2034,0.22638378565717143
2035,-0.3447407206534716
2036,-0.610200325659513
2037,1.6129853015817472
2038,1.2755515876913501
2039,1.6861505416250742
2040,1.4800469052277656
2041,0.22638378565717143
2042,0.23801088873237441
2043,-0.3352979459119707
2044,-0.20410474862369687
2045,0.045840898112089266
2046,0.08642156934253213
2047,-0.3658670070314517
2048,0.7124587144215441
2049,-1.4594601838175618
2050,0.5714587900614087
2051,1.8100532072971303
2052,1.6861505416250742
2053,-0.5162382803497682
2054,-0.5527491625132908
2055,-0.6169988014898925
2056,1.27644172974919
2057,0.1838140092112876
2058,0.3027215239066655
2059,-0.2253217331966796
2060,0.08642156934253213
2061,1.7902406239907949
2062,-0.5162382803497682
2063,-1.52652537166327
2064,0.0318692953557792
2065,1.7902406239907949
2066,-0.24104333770839256
2067,0.5714587900614087
2068,-0.5691258156282648
2069,-1.1109533825923232
2070,-0.34088433855021494
2071,-0.08256838667252814
2072,0.1838140092112876
2073,1.4800469052277656
2074,1.6129853015817472
2075,-0.6169988014898925
2076,-0.5162382803497682
2077,0.5831226956893023
2078,-0.05233846946350304
2079,0.4896786104898344
2080,-0.3467415757218566
2081,0.22638378565717143
2082,-0.375025504671819
2083,-0.610200325659513
2084,1.0444439153746556
2085,-1.00762044035651
2086,0.0318692953557792
2087,-0.6368536713703763
2088,1.051248854920869
2089,-0.24104333770839256
2090,-0.24104333770839256
2091,1.0444439153746556
2092,0.0017231236627893406
2093,-0.2439067892139443
2094,-0.3447407206534716
2095,-0.6399527378381997
2096,-0.5853861226602601
2097,0.9825509354806968
2098,1.1888735606270229
2099,0.2895980315342661
2100,1.051248854920869
2101,0.24654892689042912
2102,1.4591265970150946
2103,-0.05233846946350304
2104,-1.7039523818783302
2105,0.246996203967868
2106,2.30847984706992
2107,-1.6811045374544646
2108,1.3000983772376753
2109,0.1439504023916317
2110,0.0496253811619477
2111,2.30847984706992
2112,-0.6169988014898925
2113,-0.7491931356091931
2114,1.07214974744879
2115,1.262284821898191
2116,0.7010030244596659
2117,-0.846654130884355
2118,-0.3352979459119707
2119,0.3206015790441684
2120,-1.4594601838175618
2121,0.06359961049493765
2122,-1.00762044035651
2123,0.03773952561902192
2124,-0.2253217331966796
2125,0.24238914071504425
2126,0.1439504023916317
2127,0.31169256499234665
2128,0.626833112555627
2129,0.05441751362439212
2130,-1.0642824882731683
2131,0.031908816935370815
2132,-0.3658670070314517
2133,0.39632276476396033
2134,-1.00762044035651
2135,0.3140310898401114
2136,1.07214974744879
2137,-1.34450448496961
2138,0.5119964872245949
2139,1.0444439153746556
2140,0.06359961049493765
2141,-1.7192658178581819
2142,-0.20410474862369687
2143,-0.6141962817377034
2144,0.005810314860081137
2145,1.0444439153746556
2146,0.9747780805468396
2147,0.08659417123336564
2148,-0.7455906580705401
2149,-0.20410474862369687
2150,1.0444439153746556
2151,0.7472240263489901
2152,-0.3467415757218566
2153,1.6861505416250742
2154,0.031908816935370815
2155,-0.34235226954738
2156,0.9825509354806968
2157,0.36779337334316525
2158,0.1838140092112876
2159,0.5714587900614087
2160,-0.20410474862369687
2161,0.07008843949384783
2162,0.0017231236627893406
2163,0.7472240263489901
2164,1.6861505416250742
2165,1.6861505416250742
2166,0.643844789219095
2167,1.0444439153746556
2168,-1.7192658178581819
2169,0.619100070055587
2170,-0.20410474862369687
2171,-0.1349854029089342
2172,0.9796496358495924
2173,0.36150823840182206
2174,0.40287781263102634
2175,0.3829118019026458
2176,-0.2439067892139443
2177,0.4896786104898344
2178,-0.2031523561422906
2179,-0.3352979459119707
2180,-0.0015086657866388265
2181,1.6129853015817472
2182,0.24238914071504425
2183,-0.3447407206534716
2184,-0.24104333770839256
2185,2.30847984706992
2186,-0.02316026835206633
2187,0.2895980315342661
2188,-0.517524988689656
2189,-0.11703454493831346
2190,-0.18508033776187616
2191,-0.7455906580705401
2192,-1.384450801839695
2193,-0.8760209076658847
2194,-1.0642824882731683
2195,-0.13595552153595708
2196,-0.20410474862369687
2197,0.5714587900614087
2198,-1.34450448496961
2199,-2.2232806347947225
2200,0.023173185844577546
2201,0.648373760631726
2202,-0.053891239265745385
2203,0.023173185844577546
2204,-0.053891239265745385
2205,0.2524415968964274
2206,-0.053891239265745385
2207,0.023173185844577546
2208,-0.053891239265745385
2209,1.1762833122788
2210,-0.053891239265745385
2211,0.023173185844577546
2212,0.3238392001929582
2213,0.023173185844577546
2214,0.023173185844577546
2215,-0.18900001094637714
2216,-0.053891239265745385
2217,-0.053891239265745385
2218,-0.053891239265745385
2219,-0.23873198079581606
2220,0.023173185844577546
2221,-0.053891239265745385
2222,-0.18900001094637714
2223,-0.053891239265745385
2224,0.023173185844577546
2225,-0.053891239265745385
2226,-0.053891239265745385
2227,-0.053891239265745385
2228,0.023173185844577546
2229,-0.053891239265745385
2230,-0.23873198079581606
2231,-0.053891239265745385
2232,-0.053891239265745385
2233,0.023173185844577546
2234,0.023173185844577546
2235,-0.053891239265745385
2236,-0.23147549211338259
2237,-0.407445342662403
2238,0.023173185844577546
2239,-0.4074453426624053
2240,1.1762833122788
2241,0.023173185844577546
2242,-0.23873198079581606
2243,0.3238392001929582
2244,0.023173185844577546
2245,-0.053891239265745385
2246,0.023173185844577546
2247,-0.053891239265745385
2248,0.023173185844577546
2249,-0.053891239265745385
2250,0.2524415968964274
2251,0.023173185844577546
2252,-0.23873198079581606
2253,-0.053891239265745385
2254,0.023173185844577546
2255,-0.053891239265745385
2256,-0.053891239265745385
2257,-0.053891239265745385
2258,0.023173185844577546
2259,-0.053891239265745385
2260,0.023173185844577546
2261,0.023173185844577546
2262,-0.935354894309473
2263,-0.7593850437604498
2264,-0.053891239265745385
2265,-0.053891239265745385
2266,-0.4074453426624053
2267,-0.2211243244340288
2268,0.023173185844577546
2269,-0.2467772182480802
2270,-0.053891239265745385
2271,-0.053891239265745385
2272,-0.053891239265745385
2273,0.023173185844577546
2274,-0.053891239265745385
2275,-0.053891239265745385
2276,0.023173185844577546
2277,-0.5834151932114263
2278,0.023173185844577546
2279,-0.2467772182480802
2280,0.023173185844577546
2281,-0.053891239265745385
2282,-0.053891239265745385
2283,0.4372099399729012
2284,0.023173185844577546
2285,0.023173185844577546
2286,-0.053891239265745385
2287,0.023173185844577546
2288,0.023173185844577546
2289,0.023173185844577546
2290,0.2524415968964274
2291,0.023173185844577546
2292,-0.053891239265745385
2293,0.3238392001929582
2294,-0.053891239265745385
2295,-0.2832313305101537
2296,-0.053891239265745385
2297,0.023173185844577546
2298,-0.935354894309473
2299,0.023173185844577546
2300,0.023173185844577546
2301,-0.2467772182480802
2302,-0.053891239265745385
2303,0.023173185844577546
2304,-0.053891239265745385
2305,0.3238392001929582
2306,0.023173185844577546
2307,0.023173185844577546
2308,-0.33202969242711117
2309,-0.29990821177133603
2310,0.023173185844577546
2311,0.3238392001929582
2312,0.3238392001929582
2313,-0.053891239265745385
2314,-0.2467772182480802
2315,-0.053891239265745385
2316,0.023173185844577546
2317,-0.23873198079581606
2318,-0.671400118485939
2319,0.023173185844577546
2320,-0.053891239265745385
2321,-0.053891239265745385
2322,-0.053891239265745385
2323,0.023173185844577546
2324,0.3238392001929582
2325,-0.053891239265745385
2326,-0.053891239265745385
2327,0.023173185844577546
2328,0.023173185844577546
2329,-0.053891239265745385
2330,0.023173185844577546
2331,0.20425937591276838
2332,0.3238392001929582
2333,0.023173185844577546
2334,-0.23873198079581606
2335,-0.23873198079581606
2336,-0.053891239265745385
2337,0.023173185844577546
2338,-0.053891239265745385
2339,0.023173185844577546
2340,-0.053891239265745385
2341,0.023173185844577546
2342,0.3238392001929582
2343,0.023173185844577546
2344,-0.592927077024888
2345,0.3238392001929582
2346,0.023173185844577546
2347,0.3238392001929582
2348,0.023173185844577546
2349,-0.053891239265745385
2350,2.76001196722
2351,0.023173185844577546
2352,-0.29990821177133603
2353,-0.18900001094637714
2354,-0.2467772182480802
2355,-0.053891239265745385
2356,-0.2467772182480802
2357,-0.2467772182480802
2358,0.4372099399729012
2359,0.023173185844577546
2360,0.023173185844577546
2361,0.023173185844577546
2362,0.023173185844577546
2363,-0.053891239265745385
2364,-0.053891239265745385
2365,-0.053891239265745385
2366,-0.2467772182480802
2367,0.023173185844577546
2368,0.023173185844577546
2369,-0.053891239265745385
2370,0.023173185844577546
2371,-0.23873198079581606
2372,-0.053891239265745385
2373,-0.935354894309473
2374,-0.053891239265745385
2375,-0.2211243244340288
2376,0.023173185844577546
2377,-0.053891239265745385
2378,0.023173185844577546
2379,0.20425937591276838
2380,-0.053891239265745385
2381,-0.053891239265745385
2382,-0.053891239265745385
2383,-0.053891239265745385
2384,-0.053891239265745385
2385,0.023173185844577546
2386,0.023173185844577546
2387,-0.053891239265745385
2388,-0.7593850437604498
2389,0.3238392001929582
2390,0.023173185844577546
2391,-0.2467772182480802
2392,-0.2467772182480802
2393,0.023173185844577546
2394,-0.053891239265745385
2395,-0.053891239265745385
2396,0.023173185844577546
2397,-0.053891239265745385
2398,0.023173185844577546
2399,-0.2832313305101537
2400,-1.10651634163642
2401,-0.45135568915251073
2402,0.4383952001914195
2403,0.4036032296758907
2404,-0.5794809749095853
2405,-1.0532180038253949
2406,-0.5794809749095853
2407,-0.5794809749095853
2408,-0.6532467056032033
2409,-0.6411428920457292
2410,-1.10651634163642
2411,-0.45135568915251073
2412,0.772250066202131
2413,-1.10651634163642
2414,2.14320175545232
2415,-0.6532467056032033
2416,-0.5794809749095853
2417,-0.5794809749095853
2418,0.21143311167948137
2419,-0.2810830099445983
2420,2.91306663494487
2421,-0.575013472909831
2422,1.78195746584428
2423,-0.6316211846372239
2424,-0.5794809749095853
2425,-1.25900880815129
2426,-0.45135568915251073
2427,-1.16129518883108
2428,-0.355898084131182
2429,-1.21755454540938
2430,-0.03166652911412755
2431,-0.23276054505054353
2432,0.486511755159704
2433,-0.5794809749095853
2434,0.209656500419114
2435,0.29019621088910363
2436,1.1133594281926782
2437,-0.5794809749095853
2438,-1.27973593952224
2439,2.93379376631583
2440,-0.580935510444389
2441,-0.308521783854717
2442,0.597549958932667
2443,-0.6316211846372239
2444,0.562017733725319
2445,0.17511128146752516
2446,-0.45135568915251073
2447,-0.2810830099445983
2448,0.6972375907643954
2449,0.16869574080508698
2450,-1.30913462585451
2451,0.5039606157525982
2452,2.6969122649335
2453,0.6972375907643954
2454,-1.3067141105130056
2455,0.06545488645262484
2456,-0.296677708785601
2457,-0.45135568915251073
2458,-0.7887708277286409
2459,-0.5794809749095853
2460,-1.3067141105130056
2461,0.5039606157525982
2462,-0.968828968957943
2463,0.09310003439803917
2464,-0.7887708277286409
2465,0.486511755159704
2466,-0.6798335372715086
2467,1.931488913591875
2468,0.09310003439803917
2469,-0.954023875121547
2470,1.16606556225024
2471,-1.3067141105130056
2472,-0.355898084131182
2473,0.23112388648188675
2474,1.96406012003194
2475,-0.355898084131182
2476,0.8447950260004671
2477,-0.4388066096149952
2478,-0.5794809749095853
2479,0.09310003439803917
2480,0.2283109186529718
2481,1.26674020033773
2482,-0.5794809749095853
2483,-0.2810830099445983
2484,0.596069449549028
2485,1.75826931570605
2486,-0.6532467056032033
2487,2.9920271354056465
2488,-0.4388066096149952
2489,2.02476100476116
2490,0.00534620547686042
2491,-0.6532467056032033
2492,-1.313886355971526
2493,0.608801830248328
2494,-0.5794809749095853
2495,-0.7887708277286409
2496,-0.4794533217840073
2497,-0.6999684648890062
2498,0.7159907096238296
2499,-0.6532467056032033
2500,0.665653390580085
2501,-1.0843087008818275
2502,0.74263987852934
2503,-0.45135568915251073
2504,-0.5175427904721875
2505,0.4383952001914195
2506,2.17873398065967
2507,0.06545488645262484
2508,0.165241218909928
2509,-1.3067141105130056
2510,0.2283109186529718
2511,0.487992264543343
2512,-0.968828968957943
2513,-0.23276054505054353
2514,-0.7887708277286409
2515,-0.5794809749095853
2516,-1.14352907622741
2517,-0.23276054505054353
2518,0.5039606157525982
2519,-1.03495838809384
2520,0.21143311167948137
2521,-1.017389676741318
2522,0.209656500419114
2523,-0.45135568915251073
2524,-1.24716473308217
2525,-0.23276054505054353
2526,0.09310003439803917
2527,-0.6532467056032033
2528,0.5664592618762381
2529,0.09310003439803917
2530,-0.45135568915251073
2531,0.5039606157525982
2532,-0.8138689868036734
2533,-0.45135568915251073
2534,-0.6411428920457292
2535,0.979521379911663
2536,0.5664592618762381
2537,0.304409100972043
2538,3.71846373964477
2539,0.486511755159704
2540,-0.0183419446613719
2541,-0.4794533217840073
2542,-0.6316211846372239
2543,-0.5794809749095853
2544,-0.7887708277286409
2545,0.597549958932667
2546,0.16869574080508698
2547,-0.6316211846372239
2548,0.486511755159704
2549,-0.23276054505054353
2550,-0.959945912656105
2551,0.06545488645262484
2552,2.30901880641995
2553,1.1133594281926782
2554,-0.45135568915251073
2555,-0.6999684648890062
2556,-0.355898084131182
2557,-0.755635617713852
2558,-1.2907340092292803
2559,0.5039606157525982
2560,-0.5794809749095853
2561,0.5039606157525982
2562,-0.5794809749095853
2563,1.1133594281926782
2564,-0.755635617713852
2565,2.02476100476116
2566,-0.23276054505054353
2567,-0.45135568915251073
2568,0.304409100972043
2569,-0.23276054505054353
2570,-0.4794533217840073
2571,2.6969122649335
2572,1.57468615213475
2573,-0.5794809749095853
2574,-0.5794809749095853
2575,-0.942179800052431
2576,-0.566130416607994
2577,0.772250066202131
2578,0.1045403341807085
2579,-0.5794809749095853
2580,0.8447950260004671
2581,0.5039606157525982
2582,-0.45135568915251073
2583,-0.4388066096149952
2584,-0.5175427904721875
2585,0.668614409347364
2586,-0.7622979099402297
2587,-0.5794809749095853
2588,-0.5175427904721875
2589,-0.2810830099445983
2590,-0.5192476194594088
2591,1.1133594281926782
2592,-0.6999684648890062
2593,-0.527637172633366
2594,-0.6999684648890062
2595,-1.25012575184945
2596,0.5039606157525982
2597,2.27052556244532
2598,-0.45135568915251073
2599,-1.3067141105130056
